DATE,TB3MS,T10Y3M,DGS10
1934-01-01,0.72,.,.
1934-02-01,0.62,.,.
1934-03-01,0.24,.,.
1934-04-01,0.15,.,.
1934-05-01,0.16,.,.
1934-06-01,0.15,.,.
1934-07-01,0.15,.,.
1934-08-01,0.19,.,.
1934-09-01,0.21,.,.
1934-10-01,0.27,.,.
1934-11-01,0.25,.,.
1934-12-01,0.23,.,.
1935-01-01,0.20,.,.
1935-02-01,0.19,.,.
1935-03-01,0.15,.,.
1935-04-01,0.15,.,.
1935-05-01,0.15,.,.
1935-06-01,0.15,.,.
1935-07-01,0.15,.,.
1935-08-01,0.16,.,.
1935-09-01,0.20,.,.
1935-10-01,0.20,.,.
1935-11-01,0.16,.,.
1935-12-01,0.15,.,.
1936-01-01,0.20,.,.
1936-02-01,0.20,.,.
1936-03-01,0.20,.,.
1936-04-01,0.20,.,.
1936-05-01,0.20,.,.
1936-06-01,0.20,.,.
1936-07-01,0.15,.,.
1936-08-01,0.20,.,.
1936-09-01,0.16,.,.
1936-10-01,0.13,.,.
1936-11-01,0.11,.,.
1936-12-01,0.12,.,.
1937-01-01,0.17,.,.
1937-02-01,0.15,.,.
1937-03-01,0.38,.,.
1937-04-01,0.56,.,.
1937-05-01,0.41,.,.
1937-06-01,0.36,.,.
1937-07-01,0.28,.,.
1937-08-01,0.29,.,.
1937-09-01,0.31,.,.
1937-10-01,0.20,.,.
1937-11-01,0.09,.,.
1937-12-01,0.11,.,.
1938-01-01,0.10,.,.
1938-02-01,0.08,.,.
1938-03-01,0.08,.,.
1938-04-01,0.09,.,.
1938-05-01,0.05,.,.
1938-06-01,0.05,.,.
1938-07-01,0.07,.,.
1938-08-01,0.06,.,.
1938-09-01,0.08,.,.
1938-10-01,0.05,.,.
1938-11-01,0.04,.,.
1938-12-01,0.03,.,.
1939-01-01,0.03,.,.
1939-02-01,0.03,.,.
1939-03-01,0.03,.,.
1939-04-01,0.03,.,.
1939-05-01,0.03,.,.
1939-06-01,0.03,.,.
1939-07-01,0.04,.,.
1939-08-01,0.05,.,.
1939-09-01,0.14,.,.
1939-10-01,0.05,.,.
1939-11-01,0.05,.,.
1939-12-01,0.04,.,.
1940-01-01,0.01,.,.
1940-02-01,0.02,.,.
1940-03-01,0.02,.,.
1940-04-01,0.02,.,.
1940-05-01,0.06,.,.
1940-06-01,0.10,.,.
1940-07-01,0.05,.,.
1940-08-01,0.04,.,.
1940-09-01,0.05,.,.
1940-10-01,0.02,.,.
1940-11-01,0.02,.,.
1940-12-01,0.02,.,.
1941-01-01,0.02,.,.
1941-02-01,0.04,.,.
1941-03-01,0.11,.,.
1941-04-01,0.10,.,.
1941-05-01,0.11,.,.
1941-06-01,0.12,.,.
1941-07-01,0.12,.,.
1941-08-01,0.13,.,.
1941-09-01,0.10,.,.
1941-10-01,0.09,.,.
1941-11-01,0.28,.,.
1941-12-01,0.33,.,.
1942-01-01,0.27,.,.
1942-02-01,0.25,.,.
1942-03-01,0.25,.,.
1942-04-01,0.32,.,.
1942-05-01,0.37,.,.
1942-06-01,0.37,.,.
1942-07-01,0.38,.,.
1942-08-01,0.38,.,.
1942-09-01,0.38,.,.
1942-10-01,0.38,.,.
1942-11-01,0.38,.,.
1942-12-01,0.38,.,.
1943-01-01,0.38,.,.
1943-02-01,0.38,.,.
1943-03-01,0.38,.,.
1943-04-01,0.38,.,.
1943-05-01,0.38,.,.
1943-06-01,0.38,.,.
1943-07-01,0.38,.,.
1943-08-01,0.38,.,.
1943-09-01,0.38,.,.
1943-10-01,0.38,.,.
1943-11-01,0.38,.,.
1943-12-01,0.38,.,.
1944-01-01,0.38,.,.
1944-02-01,0.38,.,.
1944-03-01,0.38,.,.
1944-04-01,0.38,.,.
1944-05-01,0.38,.,.
1944-06-01,0.38,.,.
1944-07-01,0.38,.,.
1944-08-01,0.38,.,.
1944-09-01,0.38,.,.
1944-10-01,0.38,.,.
1944-11-01,0.38,.,.
1944-12-01,0.38,.,.
1945-01-01,0.38,.,.
1945-02-01,0.38,.,.
1945-03-01,0.38,.,.
1945-04-01,0.38,.,.
1945-05-01,0.38,.,.
1945-06-01,0.38,.,.
1945-07-01,0.38,.,.
1945-08-01,0.38,.,.
1945-09-01,0.38,.,.
1945-10-01,0.38,.,.
1945-11-01,0.38,.,.
1945-12-01,0.38,.,.
1946-01-01,0.38,.,.
1946-02-01,0.38,.,.
1946-03-01,0.38,.,.
1946-04-01,0.38,.,.
1946-05-01,0.38,.,.
1946-06-01,0.38,.,.
1946-07-01,0.38,.,.
1946-08-01,0.38,.,.
1946-09-01,0.38,.,.
1946-10-01,0.38,.,.
1946-11-01,0.38,.,.
1946-12-01,0.38,.,.
1947-01-01,0.38,.,.
1947-02-01,0.38,.,.
1947-03-01,0.38,.,.
1947-04-01,0.38,.,.
1947-05-01,0.38,.,.
1947-06-01,0.38,.,.
1947-07-01,0.66,.,.
1947-08-01,0.75,.,.
1947-09-01,0.80,.,.
1947-10-01,0.85,.,.
1947-11-01,0.92,.,.
1947-12-01,0.95,.,.
1948-01-01,0.97,.,.
1948-02-01,1.00,.,.
1948-03-01,1.00,.,.
1948-04-01,1.00,.,.
1948-05-01,1.00,.,.
1948-06-01,1.00,.,.
1948-07-01,1.00,.,.
1948-08-01,1.06,.,.
1948-09-01,1.09,.,.
1948-10-01,1.12,.,.
1948-11-01,1.14,.,.
1948-12-01,1.16,.,.
1949-01-01,1.17,.,.
1949-02-01,1.17,.,.
1949-03-01,1.17,.,.
1949-04-01,1.17,.,.
1949-05-01,1.17,.,.
1949-06-01,1.17,.,.
1949-07-01,1.02,.,.
1949-08-01,1.04,.,.
1949-09-01,1.07,.,.
1949-10-01,1.05,.,.
1949-11-01,1.08,.,.
1949-12-01,1.10,.,.
1950-01-01,1.07,.,.
1950-02-01,1.12,.,.
1950-03-01,1.12,.,.
1950-04-01,1.15,.,.
1950-05-01,1.16,.,.
1950-06-01,1.15,.,.
1950-07-01,1.16,.,.
1950-08-01,1.20,.,.
1950-09-01,1.30,.,.
1950-10-01,1.31,.,.
1950-11-01,1.36,.,.
1950-12-01,1.34,.,.
1951-01-01,1.34,.,.
1951-02-01,1.36,.,.
1951-03-01,1.40,.,.
1951-04-01,1.47,.,.
1951-05-01,1.55,.,.
1951-06-01,1.45,.,.
1951-07-01,1.56,.,.
1951-08-01,1.62,.,.
1951-09-01,1.63,.,.
1951-10-01,1.54,.,.
1951-11-01,1.56,.,.
1951-12-01,1.73,.,.
1952-01-01,1.57,.,.
1952-02-01,1.54,.,.
1952-03-01,1.59,.,.
1952-04-01,1.57,.,.
1952-05-01,1.67,.,.
1952-06-01,1.70,.,.
1952-07-01,1.81,.,.
1952-08-01,1.83,.,.
1952-09-01,1.71,.,.
1952-10-01,1.74,.,.
1952-11-01,1.85,.,.
1952-12-01,2.09,.,.
1953-01-01,1.96,.,.
1953-02-01,1.97,.,.
1953-03-01,2.01,.,.
1953-04-01,2.19,.,.
1953-05-01,2.16,.,.
1953-06-01,2.11,.,.
1953-07-01,2.04,.,.
1953-08-01,2.04,.,.
1953-09-01,1.79,.,.
1953-10-01,1.38,.,.
1953-11-01,1.44,.,.
1953-12-01,1.60,.,.
1954-01-01,1.18,.,.
1954-02-01,0.97,.,.
1954-03-01,1.03,.,.
1954-04-01,0.97,.,.
1954-05-01,0.76,.,.
1954-06-01,0.64,.,.
1954-07-01,0.72,.,.
1954-08-01,0.92,.,.
1954-09-01,1.01,.,.
1954-10-01,0.98,.,.
1954-11-01,0.93,.,.
1954-12-01,1.15,.,.
1955-01-01,1.22,.,.
1955-02-01,1.17,.,.
1955-03-01,1.28,.,.
1955-04-01,1.59,.,.
1955-05-01,1.45,.,.
1955-06-01,1.41,.,.
1955-07-01,1.60,.,.
1955-08-01,1.90,.,.
1955-09-01,2.07,.,.
1955-10-01,2.23,.,.
1955-11-01,2.24,.,.
1955-12-01,2.54,.,.
1956-01-01,2.41,.,.
1956-02-01,2.32,.,.
1956-03-01,2.25,.,.
1956-04-01,2.60,.,.
1956-05-01,2.61,.,.
1956-06-01,2.49,.,.
1956-07-01,2.31,.,.
1956-08-01,2.60,.,.
1956-09-01,2.84,.,.
1956-10-01,2.90,.,.
1956-11-01,2.99,.,.
1956-12-01,3.21,.,.
1957-01-01,3.11,.,.
1957-02-01,3.10,.,.
1957-03-01,3.08,.,.
1957-04-01,3.07,.,.
1957-05-01,3.06,.,.
1957-06-01,3.29,.,.
1957-07-01,3.16,.,.
1957-08-01,3.37,.,.
1957-09-01,3.53,.,.
1957-10-01,3.58,.,.
1957-11-01,3.31,.,.
1957-12-01,3.04,.,.
1958-01-01,2.44,.,.
1958-02-01,1.53,.,.
1958-03-01,1.30,.,.
1958-04-01,1.13,.,.
1958-05-01,0.91,.,.
1958-06-01,0.83,.,.
1958-07-01,0.91,.,.
1958-08-01,1.69,.,.
1958-09-01,2.44,.,.
1958-10-01,2.63,.,.
1958-11-01,2.67,.,.
1958-12-01,2.77,.,.
1959-01-01,2.82,.,.
1959-02-01,2.70,.,.
1959-03-01,2.80,.,.
1959-04-01,2.95,.,.
1959-05-01,2.84,.,.
1959-06-01,3.21,.,.
1959-07-01,3.20,.,.
1959-08-01,3.38,.,.
1959-09-01,4.04,.,.
1959-10-01,4.05,.,.
1959-11-01,4.15,.,.
1959-12-01,4.49,.,.
1960-01-01,4.35,.,.
1960-02-01,3.96,.,.
1960-03-01,3.31,.,.
1960-04-01,3.23,.,.
1960-05-01,3.29,.,.
1960-06-01,2.46,.,.
1960-07-01,2.30,.,.
1960-08-01,2.30,.,.
1960-09-01,2.48,.,.
1960-10-01,2.30,.,.
1960-11-01,2.37,.,.
1960-12-01,2.25,.,.
1961-01-01,2.24,.,.
1961-02-01,2.42,.,.
1961-03-01,2.39,.,.
1961-04-01,2.29,.,.
1961-05-01,2.29,.,.
1961-06-01,2.33,.,.
1961-07-01,2.24,.,.
1961-08-01,2.39,.,.
1961-09-01,2.28,.,.
1961-10-01,2.30,.,.
1961-11-01,2.48,.,.
1961-12-01,2.60,.,.
1962-01-01,2.72,.,4.0831818181818182
1962-02-01,2.73,.,4.0394444444444444
1962-03-01,2.72,.,3.9304545454545455
1962-04-01,2.73,.,3.8430000000000000
1962-05-01,2.69,.,3.8736363636363636
1962-06-01,2.73,.,3.9090476190476190
1962-07-01,2.92,.,4.0142857142857143
1962-08-01,2.82,.,3.9756521739130435
1962-09-01,2.78,.,3.9789473684210526
1962-10-01,2.74,.,3.9254545454545455
1962-11-01,2.83,.,3.9157894736842105
1962-12-01,2.87,.,3.8645000000000000
1963-01-01,2.91,.,3.8336363636363636
1963-02-01,2.92,.,3.9211111111111111
1963-03-01,2.89,.,3.9285714285714286
1963-04-01,2.90,.,3.9709523809523810
1963-05-01,2.93,.,3.9300000000000000
1963-06-01,2.99,.,3.9930000000000000
1963-07-01,3.18,.,4.0204545454545455
1963-08-01,3.32,.,4.0022727272727273
1963-09-01,3.38,.,4.0775000000000000
1963-10-01,3.45,.,4.1060869565217391
1963-11-01,3.52,.,4.1217647058823529
1963-12-01,3.52,.,4.1285714285714286
1964-01-01,3.52,.,4.1668181818181818
1964-02-01,3.53,.,4.1455555555555556
1964-03-01,3.54,.,4.2195238095238095
1964-04-01,3.47,.,4.2322727272727273
1964-05-01,3.48,.,4.2000000000000000
1964-06-01,3.48,.,4.1700000000000000
1964-07-01,3.46,.,4.1859090909090909
1964-08-01,3.50,.,4.1938095238095238
1964-09-01,3.53,.,4.2038095238095238
1964-10-01,3.57,.,4.1880952380952381
1964-11-01,3.64,.,4.1527777777777778
1964-12-01,3.84,.,4.1795454545454545
1965-01-01,3.81,.,4.1895000000000000
1965-02-01,3.93,.,4.2111111111111111
1965-03-01,3.93,.,4.2104347826086957
1965-04-01,3.93,.,4.2038095238095238
1965-05-01,3.89,.,4.2115000000000000
1965-06-01,3.80,.,4.2131818181818182
1965-07-01,3.84,.,4.2047619047619048
1965-08-01,3.84,.,4.2522727272727273
1965-09-01,3.92,.,4.2904761904761905
1965-10-01,4.03,.,4.3495000000000000
1965-11-01,4.09,.,4.4489473684210526
1965-12-01,4.38,.,4.6154545454545455
1966-01-01,4.59,.,4.6123809523809524
1966-02-01,4.65,.,4.8321052631578947
1966-03-01,4.59,.,4.8734782608695652
1966-04-01,4.62,.,4.7500000000000000
1966-05-01,4.64,.,4.7785714285714286
1966-06-01,4.50,.,4.8145454545454545
1966-07-01,4.80,.,5.0180000000000000
1966-08-01,4.96,.,5.2243478260869565
1966-09-01,5.37,.,5.1823809523809524
1966-10-01,5.35,.,5.0115000000000000
1966-11-01,5.32,.,5.1552631578947368
1966-12-01,4.96,.,4.8428571428571429
1967-01-01,4.72,.,4.5790476190476190
1967-02-01,4.56,.,4.6266666666666667
1967-03-01,4.26,.,4.5418181818181818
1967-04-01,3.84,.,4.5935000000000000
1967-05-01,3.60,.,4.8477272727272727
1967-06-01,3.54,.,5.0227272727272727
1967-07-01,4.21,.,5.1590000000000000
1967-08-01,4.27,.,5.2756521739130435
1967-09-01,4.42,.,5.3020000000000000
1967-10-01,4.56,.,5.4809523809523810
1967-11-01,4.73,.,5.7535000000000000
1967-12-01,4.97,.,5.6990000000000000
1968-01-01,5.00,.,5.5286363636363636
1968-02-01,4.98,.,5.5636842105263158
1968-03-01,5.17,.,5.7400000000000000
1968-04-01,5.38,.,5.6385000000000000
1968-05-01,5.66,.,5.8695454545454545
1968-06-01,5.52,.,5.7180000000000000
1968-07-01,5.31,.,5.4954545454545455
1968-08-01,5.09,.,5.4204545454545455
1968-09-01,5.19,.,5.4600000000000000
1968-10-01,5.35,.,5.5826086956521739
1968-11-01,5.45,.,5.6961111111111111
1968-12-01,5.96,.,6.0319047619047619
1969-01-01,6.14,.,6.0418181818181818
1969-02-01,6.12,.,6.1889473684210526
1969-03-01,6.02,.,6.2960000000000000
1969-04-01,6.11,.,6.1733333333333333
1969-05-01,6.04,.,6.3233333333333333
1969-06-01,6.44,.,6.5742857142857143
1969-07-01,7.00,.,6.7195238095238095
1969-08-01,6.98,.,6.6914285714285714
1969-09-01,7.09,.,7.1595238095238095
1969-10-01,7.00,.,7.0954545454545455
1969-11-01,7.24,.,7.1441176470588235
1969-12-01,7.82,.,7.6540909090909091
1970-01-01,7.87,.,7.7947619047619048
1970-02-01,7.13,.,7.2383333333333333
1970-03-01,6.63,.,7.0728571428571429
1970-04-01,6.51,.,7.3909090909090909
1970-05-01,6.84,.,7.9061904761904762
1970-06-01,6.68,.,7.8418181818181818
1970-07-01,6.45,.,7.4572727272727273
1970-08-01,6.41,.,7.5271428571428571
1970-09-01,6.12,.,7.3895238095238095
1970-10-01,5.91,.,7.3266666666666667
1970-11-01,5.28,.,6.8411111111111111
1970-12-01,4.87,.,6.3913636363636364
1971-01-01,4.44,.,6.2385000000000000
1971-02-01,3.70,.,6.1122222222222222
1971-03-01,3.38,.,5.7034782608695652
1971-04-01,3.86,.,5.8338095238095238
1971-05-01,4.14,.,6.3925000000000000
1971-06-01,4.75,.,6.5222727272727273
1971-07-01,5.40,.,6.7295238095238095
1971-08-01,4.94,.,6.5827272727272727
1971-09-01,4.69,.,6.1395238095238095
1971-10-01,4.46,.,5.9257894736842105
1971-11-01,4.22,.,5.8100000000000000
1971-12-01,4.01,.,5.9263636363636364
1972-01-01,3.38,.,5.9476190476190476
1972-02-01,3.20,.,6.0810000000000000
1972-03-01,3.73,.,6.0686363636363636
1972-04-01,3.71,.,6.1945000000000000
1972-05-01,3.69,.,6.1263636363636364
1972-06-01,3.91,.,6.1068181818181818
1972-07-01,3.98,.,6.1130000000000000
1972-08-01,4.02,.,6.2104347826086957
1972-09-01,4.66,.,6.5495000000000000
1972-10-01,4.74,.,6.4795000000000000
1972-11-01,4.78,.,6.2805000000000000
1972-12-01,5.07,.,6.3585000000000000
1973-01-01,5.41,.,6.4645454545454545
1973-02-01,5.60,.,6.6355555555555556
1973-03-01,6.09,.,6.7090909090909091
1973-04-01,6.26,.,6.6685000000000000
1973-05-01,6.36,.,6.8472727272727273
1973-06-01,7.19,.,6.9000000000000000
1973-07-01,8.01,.,7.1309523809523810
1973-08-01,8.67,.,7.4047826086956522
1973-09-01,8.29,.,7.0905263157894737
1973-10-01,7.22,.,6.7942857142857143
1973-11-01,7.83,.,6.7285000000000000
1973-12-01,7.45,.,6.7436842105263158
1974-01-01,7.77,.,6.9886363636363636
1974-02-01,7.12,.,6.9572222222222222
1974-03-01,7.96,.,7.2090476190476190
1974-04-01,8.33,.,7.5123809523809524
1974-05-01,8.23,.,7.5759090909090909
1974-06-01,7.90,.,7.5355000000000000
1974-07-01,7.55,.,7.8050000000000000
1974-08-01,8.96,.,8.0440909090909091
1974-09-01,8.06,.,8.0375000000000000
1974-10-01,7.46,.,7.8968181818181818
1974-11-01,7.47,.,7.6811111111111111
1974-12-01,7.15,.,7.4338095238095238
1975-01-01,6.26,.,7.5013636363636364
1975-02-01,5.50,.,7.3922222222222222
1975-03-01,5.49,.,7.7280000000000000
1975-04-01,5.61,.,8.2268181818181818
1975-05-01,5.23,.,8.0595238095238095
1975-06-01,5.34,.,7.8609523809523810
1975-07-01,6.13,.,8.0613636363636364
1975-08-01,6.44,.,8.3976190476190476
1975-09-01,6.42,.,8.4266666666666667
1975-10-01,5.96,.,8.1377272727272727
1975-11-01,5.48,.,8.0529411764705882
1975-12-01,5.44,.,7.9968181818181818
1976-01-01,4.87,.,7.7423809523809524
1976-02-01,4.88,.,7.7927777777777778
1976-03-01,5.00,.,7.7343478260869565
1976-04-01,4.86,.,7.5642857142857143
1976-05-01,5.20,.,7.8950000000000000
1976-06-01,5.41,.,7.8613636363636364
1976-07-01,5.23,.,7.8319047619047619
1976-08-01,5.14,.,7.7686363636363636
1976-09-01,5.08,.,7.5942857142857143
1976-10-01,4.92,.,7.4110000000000000
1976-11-01,4.75,.,7.2910526315789474
1976-12-01,4.35,.,6.8690909090909091
1977-01-01,4.62,.,7.2133333333333333
1977-02-01,4.67,.,7.3910526315789474
1977-03-01,4.60,.,7.4600000000000000
1977-04-01,4.54,.,7.3705000000000000
1977-05-01,4.96,.,7.4566666666666667
1977-06-01,5.02,.,7.2754545454545455
1977-07-01,5.19,.,7.3300000000000000
1977-08-01,5.49,.,7.3965217391304348
1977-09-01,5.81,.,7.3438095238095238
1977-10-01,6.16,.,7.5235000000000000
1977-11-01,6.10,.,7.5773684210526316
1977-12-01,6.07,.,7.6852380952380952
1978-01-01,6.44,.,7.9561904761904762
1978-02-01,6.45,.,8.0333333333333333
1978-03-01,6.29,.,8.0359090909090909
1978-04-01,6.29,.,8.1540000000000000
1978-05-01,6.41,.,8.3457142857142857
1978-06-01,6.73,.,8.4622727272727273
1978-07-01,7.01,.,8.6400000000000000
1978-08-01,7.08,.,8.4108695652173913
1978-09-01,7.85,.,8.4165000000000000
1978-10-01,7.99,.,8.6423809523809524
1978-11-01,8.64,.,8.8050000000000000
1978-12-01,9.08,.,9.0065000000000000
1979-01-01,9.35,.,9.0995454545454545
1979-02-01,9.32,.,9.0983333333333333
1979-03-01,9.48,.,9.1172727272727273
1979-04-01,9.46,.,9.1820000000000000
1979-05-01,9.61,.,9.2523809523809524
1979-06-01,9.06,.,8.9138095238095238
1979-07-01,9.24,.,8.9500000000000000
1979-08-01,9.52,.,9.0295652173913043
1979-09-01,10.26,.,9.3347368421052632
1979-10-01,11.70,.,10.2990909090909091
1979-11-01,11.79,.,10.6531578947368421
1979-12-01,12.04,.,10.3860000000000000
1980-01-01,12.00,.,10.8022727272727273
1980-02-01,12.86,.,12.4147368421052632
1980-03-01,15.20,.,12.7490476190476190
1980-04-01,13.20,.,11.4733333333333333
1980-05-01,8.58,.,10.1814285714285714
1980-06-01,7.07,.,9.7780952380952381
1980-07-01,8.06,.,10.2477272727272727
1980-08-01,9.13,.,11.1019047619047619
1980-09-01,10.27,.,11.5085714285714286
1980-10-01,11.62,.,11.7513636363636364
1980-11-01,13.73,.,12.6847058823529412
1980-12-01,15.49,.,12.8440909090909091
1981-01-01,15.02,.,12.5685714285714286
1981-02-01,14.79,.,13.1944444444444444
1981-03-01,13.36,.,13.1159090909090909
1981-04-01,13.69,.,13.6795238095238095
1981-05-01,16.30,.,14.0995000000000000
1981-06-01,14.73,.,13.4722727272727273
1981-07-01,14.95,.,14.2809090909090909
1981-08-01,15.51,.,14.9371428571428571
1981-09-01,14.70,.,15.3238095238095238
1981-10-01,13.54,.,15.1480952380952381
1981-11-01,10.86,.,13.3927777777777778
1981-12-01,10.85,.,13.7245454545454545
1982-01-01,12.28,1.6760000000000000,14.5940000000000000
1982-02-01,13.48,0.14611111111111111111,14.4255555555555556
1982-03-01,12.68,0.54652173913043478261,13.8613043478260870
1982-04-01,12.70,0.52714285714285714286,13.8719047619047619
1982-05-01,12.09,0.90850000000000000000,13.6225000000000000
1982-06-01,12.47,1.2209090909090909,14.2995454545454545
1982-07-01,11.35,2.0828571428571429,13.9461904761904762
1982-08-01,8.68,4.0577272727272727,13.0550000000000000
1982-09-01,7.92,4.1461904761904762,12.3390476190476190
1982-10-01,7.71,2.9390000000000000,10.9065000000000000
1982-11-01,8.07,2.2042105263157895,10.5505263157894737
1982-12-01,7.94,2.3372727272727273,10.5400000000000000
1983-01-01,7.86,2.3400000000000000,10.4571428571428571
1983-02-01,8.11,2.3305263157894737,10.7247368421052632
1983-03-01,8.35,1.8469565217391304,10.5065217391304348
1983-04-01,8.21,1.8865000000000000,10.4000000000000000
1983-05-01,8.19,1.8842857142857143,10.3800000000000000
1983-06-01,8.79,1.7090909090909091,10.8486363636363636
1983-07-01,9.08,1.9275000000000000,11.3770000000000000
1983-08-01,9.34,2.1069565217391304,11.8460869565217391
1983-09-01,9.00,2.2923809523809524,11.6538095238095238
1983-10-01,8.64,2.5530000000000000,11.5410000000000000
1983-11-01,8.76,2.5789473684210526,11.6900000000000000
1983-12-01,9.00,2.4719047619047619,11.8295238095238095
1984-01-01,8.90,2.4104761904761905,11.6742857142857143
1984-02-01,9.09,2.3826315789473684,11.8421052631578947
1984-03-01,9.52,2.4295454545454545,12.3190909090909091
1984-04-01,9.69,2.5605000000000000,12.6335000000000000
1984-05-01,9.83,3.1854545454545455,13.4086363636363636
1984-06-01,9.87,3.3023809523809524,13.5628571428571429
1984-07-01,10.12,2.8314285714285714,13.3623809523809524
1984-08-01,10.47,1.8156521739130435,12.7160869565217391
1984-09-01,10.37,1.7268421052631579,12.5226315789473684
1984-10-01,9.74,2.0359090909090909,12.1604545454545455
1984-11-01,8.61,2.6478947368421053,11.5726315789473684
1984-12-01,8.06,3.1620000000000000,11.4995000000000000
1985-01-01,7.76,3.3642857142857143,11.3842857142857143
1985-02-01,8.27,2.9516666666666667,11.5088888888888889
1985-03-01,8.52,3.0252380952380952,11.8552380952380952
1985-04-01,7.95,3.2128571428571429,11.4347619047619048
1985-05-01,7.48,3.1136363636363636,10.8468181818181818
1985-06-01,6.95,2.9760000000000000,10.1560000000000000
1985-07-01,7.08,2.9904545454545455,10.3068181818181818
1985-08-01,7.14,2.9613636363636364,10.3318181818181818
1985-09-01,7.10,3.0400000000000000,10.3731578947368421
1985-10-01,7.16,2.8359090909090909,10.2368181818181818
1985-11-01,7.24,2.3052631578947368,9.7815789473684211
1985-12-01,7.10,1.9290476190476190,9.2590476190476190
1986-01-01,7.07,1.8919047619047619,9.1938095238095238
1986-02-01,7.06,1.4136842105263158,8.7042105263157895
1986-03-01,6.56,1.01450000000000000000,7.7785000000000000
1986-04-01,6.06,1.0636363636363636,7.2990909090909091
1986-05-01,6.15,1.3747619047619048,7.7095238095238095
1986-06-01,6.21,1.4028571428571429,7.7995238095238095
1986-07-01,5.83,1.3036363636363636,7.3031818181818182
1986-08-01,5.53,1.4804761904761905,7.1657142857142857
1986-09-01,5.21,2.0952380952380952,7.4476190476190476
1986-10-01,5.18,2.1031818181818182,7.4263636363636364
1986-11-01,5.35,1.7505555555555556,7.2505555555555556
1986-12-01,5.53,1.4300000000000000,7.1127272727272727
1987-01-01,5.43,1.5065000000000000,7.0845000000000000
1987-02-01,5.59,1.4994736842105263,7.2505263157894737
1987-03-01,5.59,1.4827272727272727,7.2486363636363636
1987-04-01,5.64,2.2071428571428571,8.0228571428571429
1987-05-01,5.66,2.7665000000000000,8.6130000000000000
1987-06-01,5.67,2.5477272727272727,8.4022727272727273
1987-07-01,5.69,2.5677272727272727,8.4468181818181818
1987-08-01,6.04,2.5271428571428571,8.7604761904761905
1987-09-01,6.40,2.8004761904761905,9.4219047619047619
1987-10-01,6.13,3.1690476190476190,9.5200000000000000
1987-11-01,5.69,2.9705263157894737,8.8605263157894737
1987-12-01,5.77,3.0281818181818182,8.9877272727272727
1988-01-01,5.81,2.6610526315789474,8.6657894736842105
1988-02-01,5.66,2.3695000000000000,8.2120000000000000
1988-03-01,5.70,2.5034782608695652,8.3734782608695652
1988-04-01,5.91,2.6355000000000000,8.7185000000000000
1988-05-01,6.26,2.6347619047619048,9.0890476190476190
1988-06-01,6.46,2.2572727272727273,8.9213636363636364
1988-07-01,6.73,2.1080000000000000,9.0560000000000000
1988-08-01,7.06,1.9608695652173913,9.2604347826086957
1988-09-01,7.24,1.4990476190476190,8.9771428571428571
1988-10-01,7.35,1.1985000000000000,8.7955000000000000
1988-11-01,7.76,0.93400000000000000000,8.9625000000000000
1988-12-01,8.07,0.75714285714285714286,9.1057142857142857
1989-01-01,8.27,0.53300000000000000000,9.0915000000000000
1989-02-01,8.53,0.33210526315789473684,9.1689473684210526
1989-03-01,8.82,0.21545454545454545455,9.3577272727272727
1989-04-01,8.65,0.21300000000000000000,9.1755000000000000
1989-05-01,8.43,0.12318181818181818182,8.8590909090909091
1989-06-01,8.15,-0.15727272727272727273,8.2772727272727273
1989-07-01,7.88,-0.12850000000000000000,8.0185000000000000
1989-08-01,7.90,-0.05739130434782608696,8.1126086956521739
1989-09-01,7.75,0.17600000000000000000,8.1905000000000000
1989-10-01,7.64,0.10809523809523809524,8.0076190476190476
1989-11-01,7.69,-0.06952380952380952381,7.8742857142857143
1989-12-01,7.63,-0.04350000000000000000,7.8360000000000000
1990-01-01,7.64,0.30857142857142857143,8.2066666666666667
1990-02-01,7.74,0.47105263157894736842,8.4731578947368421
1990-03-01,7.90,0.41863636363636363636,8.5886363636363636
1990-04-01,7.77,0.74500000000000000000,8.7855000000000000
1990-05-01,7.74,0.75136363636363636364,8.7581818181818182
1990-06-01,7.73,0.49333333333333333333,8.4800000000000000
1990-07-01,7.62,0.59666666666666666667,8.4714285714285714
1990-08-01,7.45,1.0582608695652174,8.7526086956521739
1990-09-01,7.36,1.2952631578947368,8.8931578947368421
1990-10-01,7.17,1.3195454545454545,8.7195454545454545
1990-11-01,7.06,1.1015000000000000,8.3920000000000000
1990-12-01,6.74,1.1255000000000000,8.0750000000000000
1991-01-01,6.22,1.6823809523809524,8.0919047619047619
1991-02-01,5.94,1.7384210526315789,7.8547368421052632
1991-03-01,5.91,2.0165000000000000,8.1100000000000000
1991-04-01,5.65,2.2136363636363636,8.0390909090909091
1991-05-01,5.46,2.4340909090909091,8.0677272727272727
1991-06-01,5.57,2.5330000000000000,8.2840000000000000
1991-07-01,5.58,2.5218181818181818,8.2727272727272727
1991-08-01,5.33,2.4022727272727273,7.9000000000000000
1991-09-01,5.22,2.2765000000000000,7.6500000000000000
1991-10-01,4.99,2.3831818181818182,7.5272727272727273
1991-11-01,4.56,2.7278947368421053,7.4173684210526316
1991-12-01,4.07,2.9042857142857143,7.0885714285714286
1992-01-01,3.80,3.1261904761904762,7.0323809523809524
1992-02-01,3.84,3.3878947368421053,7.3378947368421053
1992-03-01,4.04,3.4036363636363636,7.5422727272727273
1992-04-01,3.75,3.6414285714285714,7.4804761904761905
1992-05-01,3.63,3.6730000000000000,7.3920000000000000
1992-06-01,3.66,3.5168181818181818,7.2618181818181818
1992-07-01,3.21,3.5650000000000000,6.8445454545454545
1992-08-01,3.13,3.3866666666666667,6.5857142857142857
1992-09-01,2.91,3.4466666666666667,6.4152380952380952
1992-10-01,2.86,3.6561904761904762,6.5890476190476190
1992-11-01,3.13,3.6673684210526316,6.8731578947368421
1992-12-01,3.22,3.4786363636363636,6.7700000000000000
1993-01-01,3.00,3.5289473684210526,6.6000000000000000
1993-02-01,2.93,3.2663157894736842,6.2589473684210526
1993-03-01,2.95,2.9608695652173913,5.9752173913043478
1993-04-01,2.87,3.0390476190476190,5.9695238095238095
1993-05-01,2.96,3.0105000000000000,6.0355000000000000
1993-06-01,3.07,2.8181818181818182,5.9627272727272727
1993-07-01,3.04,2.6942857142857143,5.8052380952380952
1993-08-01,3.02,2.5872727272727273,5.6777272727272727
1993-09-01,2.95,2.3514285714285714,5.3600000000000000
1993-10-01,3.02,2.2420000000000000,5.3340000000000000
1993-11-01,3.10,2.5445000000000000,5.7240000000000000
1993-12-01,3.06,2.6463636363636364,5.7740909090909091
1994-01-01,2.98,2.7060000000000000,5.7505000000000000
1994-02-01,3.25,2.6426315789473684,5.9731578947368421
1994-03-01,3.50,2.8917391304347826,6.4826086956521739
1994-04-01,3.68,3.1915789473684211,6.9721052631578947
1994-05-01,4.14,2.9157142857142857,7.1833333333333333
1994-06-01,4.14,2.8522727272727273,7.1013636363636364
1994-07-01,4.33,2.8415000000000000,7.2980000000000000
1994-08-01,4.48,2.6243478260869565,7.2360869565217391
1994-09-01,4.62,2.7057142857142857,7.4571428571428571
1994-10-01,4.95,2.6420000000000000,7.7440000000000000
1994-11-01,5.29,2.5060000000000000,7.9550000000000000
1994-12-01,5.60,2.0490476190476190,7.8138095238095238
1995-01-01,5.71,1.8780000000000000,7.7795000000000000
1995-02-01,5.77,1.5300000000000000,7.4694736842105263
1995-03-01,5.73,1.2943478260869565,7.2047826086956522
1995-04-01,5.65,1.2247368421052632,7.0626315789473684
1995-05-01,5.67,0.78500000000000000000,6.6327272727272727
1995-06-01,5.47,0.52909090909090909091,6.1681818181818182
1995-07-01,5.42,0.68500000000000000000,6.2780000000000000
1995-08-01,5.40,0.92260869565217391304,6.4882608695652174
1995-09-01,5.28,0.76350000000000000000,6.1975000000000000
1995-10-01,5.28,0.60047619047619047619,6.0447619047619048
1995-11-01,5.36,0.41238095238095238095,5.9304761904761905
1995-12-01,5.14,0.41750000000000000000,5.7115000000000000
1996-01-01,5.00,0.50190476190476190476,5.6523809523809524
1996-02-01,4.83,0.84100000000000000000,5.8055000000000000
1996-03-01,4.96,1.1709523809523810,6.2685714285714286
1996-04-01,4.95,1.4236363636363636,6.5113636363636364
1996-05-01,5.02,1.5831818181818182,6.7368181818181818
1996-06-01,5.09,1.6805000000000000,6.9120000000000000
1996-07-01,5.15,1.5672727272727273,6.8654545454545455
1996-08-01,5.05,1.4463636363636364,6.6354545454545455
1996-09-01,5.09,1.5945000000000000,6.8320000000000000
1996-10-01,4.99,1.4104545454545455,6.5336363636363636
1996-11-01,5.03,1.03421052631578947368,6.2036842105263158
1996-12-01,4.91,1.2619047619047619,6.3023809523809524
1997-01-01,5.03,1.4133333333333333,6.5790476190476190
1997-02-01,5.01,1.2773684210526316,6.4194736842105263
1997-03-01,5.14,1.4100000000000000,6.6945000000000000
1997-04-01,5.16,1.5809090909090909,6.8854545454545455
1997-05-01,5.05,1.5142857142857143,6.7109523809523810
1997-06-01,4.93,1.4228571428571429,6.4938095238095238
1997-07-01,5.05,1.02590909090909090909,6.2204545454545455
1997-08-01,5.14,1.01904761904761904762,6.2985714285714286
1997-09-01,4.95,1.1238095238095238,6.2085714285714286
1997-10-01,4.97,0.91681818181818181818,6.0295454545454545
1997-11-01,5.14,0.59388888888888888889,5.8750000000000000
1997-12-01,5.16,0.50409090909090909091,5.8086363636363636
1998-01-01,5.04,0.36550000000000000000,5.5445000000000000
1998-02-01,5.09,0.34473684210526315789,5.5747368421052632
1998-03-01,5.03,0.48545454545454545455,5.6472727272727273
1998-04-01,4.95,0.55476190476190476190,5.6376190476190476
1998-05-01,5.00,0.51250000000000000000,5.6525000000000000
1998-06-01,4.98,0.37227272727272727273,5.4963636363636364
1998-07-01,4.96,0.36681818181818181818,5.4613636363636364
1998-08-01,4.90,0.30095238095238095238,5.3419047619047619
1998-09-01,4.61,0.06761904761904761905,4.8066666666666667
1998-10-01,3.96,0.45952380952380952381,4.5300000000000000
1998-11-01,4.41,0.29631578947368421053,4.8273684210526316
1998-12-01,4.39,0.14818181818181818182,4.6450000000000000
1999-01-01,4.34,0.27578947368421052632,4.7221052631578947
1999-02-01,4.44,0.44368421052631578947,4.9989473684210526
1999-03-01,4.44,0.66608695652173913043,5.2326086956521739
1999-04-01,4.29,0.77545454545454545455,5.1845454545454545
1999-05-01,4.50,0.90850000000000000000,5.5395000000000000
1999-06-01,4.57,1.1840909090909091,5.8995454545454545
1999-07-01,4.55,1.1061904761904762,5.7919047619047619
1999-08-01,4.72,1.0654545454545455,5.9390909090909091
1999-09-01,4.68,1.0928571428571429,5.9152380952380952
1999-10-01,4.86,1.0885000000000000,6.1120000000000000
1999-11-01,5.07,0.80650000000000000000,6.0340000000000000
1999-12-01,5.20,0.91863636363636363636,6.2754545454545455
2000-01-01,5.32,1.1620000000000000,6.6610000000000000
2000-02-01,5.55,0.79250000000000000000,6.5195000000000000
2000-03-01,5.69,0.39260869565217391304,6.2565217391304348
2000-04-01,5.66,0.16894736842105263158,5.9905263157894737
2000-05-01,5.79,0.44590909090909090909,6.4404545454545455
2000-06-01,5.69,0.23545454545454545455,6.0972727272727273
2000-07-01,5.96,-0.08850000000000000000,6.0540000000000000
2000-08-01,6.09,-0.45130434782608695652,5.8260869565217391
2000-09-01,6.00,-0.37600000000000000000,5.7990000000000000
2000-10-01,6.11,-0.55619047619047619048,5.7385714285714286
2000-11-01,6.17,-0.63904761904761904762,5.7171428571428571
2000-12-01,5.77,-0.69650000000000000000,5.2405000000000000
2001-01-01,5.15,-0.12428571428571428571,5.1609523809523810
2001-02-01,4.88,0.09368421052631578947,5.0989473684210526
2001-03-01,4.42,0.35000000000000000000,4.8854545454545455
2001-04-01,3.87,1.1750000000000000,5.1410000000000000
2001-05-01,3.62,1.6881818181818182,5.3913636363636364
2001-06-01,3.49,1.7190476190476190,5.2842857142857143
2001-07-01,3.51,1.6428571428571429,5.2361904761904762
2001-08-01,3.36,1.5334782608695652,4.9713043478260870
2001-09-01,2.64,2.0394117647058824,4.7317647058823529
2001-10-01,2.16,2.3690909090909091,4.5668181818181818
2001-11-01,1.87,2.7450000000000000,4.6515000000000000
2001-12-01,1.69,3.3675000000000000,5.0875000000000000
2002-01-01,1.65,3.3509523809523810,5.0357142857142857
2002-02-01,1.72,3.1547368421052632,4.9115789473684211
2002-03-01,1.79,3.4590000000000000,5.2840000000000000
2002-04-01,1.71,3.4659090909090909,5.2109090909090909
2002-05-01,1.73,3.4040909090909091,5.1645454545454545
2002-06-01,1.70,3.1945000000000000,4.9265000000000000
2002-07-01,1.68,2.9395454545454545,4.6531818181818182
2002-08-01,1.62,2.6100000000000000,4.2572727272727273
2002-09-01,1.63,2.2110000000000000,3.8700000000000000
2002-10-01,1.58,2.3309090909090909,3.9409090909090909
2002-11-01,1.23,2.7936842105263158,4.0484210526315789
2002-12-01,1.19,2.8214285714285714,4.0323809523809524
2003-01-01,1.17,2.8595238095238095,4.0485714285714286
2003-02-01,1.17,2.7173684210526316,3.9026315789473684
2003-03-01,1.13,2.6561904761904762,3.8071428571428571
2003-04-01,1.13,2.8061904761904762,3.9585714285714286
2003-05-01,1.07,2.4809523809523810,3.5690476190476190
2003-06-01,0.92,2.3980952380952381,3.3342857142857143
2003-07-01,0.90,3.0550000000000000,3.9754545454545455
2003-08-01,0.95,3.4761904761904762,4.4452380952380952
2003-09-01,0.94,3.3190476190476190,4.2742857142857143
2003-10-01,0.92,3.3486363636363636,4.2904545454545455
2003-11-01,0.93,3.3477777777777778,4.3000000000000000
2003-12-01,0.90,3.3531818181818182,4.2677272727272727
2004-01-01,0.88,3.2500000000000000,4.1505000000000000
2004-02-01,0.93,3.1394736842105263,4.0842105263157895
2004-03-01,0.94,2.8730434782608696,3.8265217391304348
2004-04-01,0.94,3.3895238095238095,4.3476190476190476
2004-05-01,1.02,3.6760000000000000,4.7155000000000000
2004-06-01,1.27,3.4457142857142857,4.7338095238095238
2004-07-01,1.33,3.1404761904761905,4.4980952380952381
2004-08-01,1.48,2.7781818181818182,4.2813636363636364
2004-09-01,1.65,2.4442857142857143,4.1257142857142857
2004-10-01,1.76,2.3025000000000000,4.0970000000000000
2004-11-01,2.07,2.0865000000000000,4.1940000000000000
2004-12-01,2.19,2.0081818181818182,4.2309090909090909
2005-01-01,2.33,1.8505000000000000,4.2215000000000000
2005-02-01,2.54,1.5857894736842105,4.1652631578947368
2005-03-01,2.74,1.7018181818181818,4.4977272727272727
2005-04-01,2.78,1.5042857142857143,4.3409523809523810
2005-05-01,2.84,1.2423809523809524,4.1442857142857143
2005-06-01,2.97,0.96181818181818181818,3.9981818181818182
2005-07-01,3.22,0.89000000000000000000,4.1775000000000000
2005-08-01,3.44,0.74434782608695652174,4.2626086956521739
2005-09-01,3.42,0.70476190476190476190,4.1990476190476190
2005-10-01,3.71,0.67100000000000000000,4.4635000000000000
2005-11-01,3.88,0.56050000000000000000,4.5350000000000000
2005-12-01,3.89,0.49619047619047619048,4.4671428571428571
2006-01-01,4.24,0.08000000000000000000,4.4160000000000000
2006-02-01,4.43,0.02947368421052631579,4.5689473684210526
2006-03-01,4.51,0.09608695652173913043,4.7239130434782609
2006-04-01,4.60,0.26894736842105263158,4.9905263157894737
2006-05-01,4.72,0.27363636363636363636,5.1100000000000000
2006-06-01,4.79,0.18863636363636363636,5.1063636363636364
2006-07-01,4.95,0.01100000000000000000,5.0875000000000000
2006-08-01,4.96,-0.21391304347826086957,4.8765217391304348
2006-09-01,4.81,-0.21100000000000000000,4.7190000000000000
2006-10-01,4.92,-0.31714285714285714286,4.7290476190476190
2006-11-01,4.94,-0.47809523809523809524,4.5952380952380952
2006-12-01,4.85,-0.40850000000000000000,4.5645000000000000
2007-01-01,4.98,-0.34571428571428571429,4.7595238095238095
2007-02-01,5.03,-0.44052631578947368421,4.7226315789473684
2007-03-01,4.94,-0.51545454545454545455,4.5645454545454545
2007-04-01,4.87,-0.31285714285714285714,4.6938095238095238
2007-05-01,4.73,-0.12136363636363636364,4.7463636363636364
2007-06-01,4.61,0.36095238095238095238,5.1028571428571429
2007-07-01,4.82,0.04333333333333333333,5.0042857142857143
2007-08-01,4.20,0.35782608695652173913,4.6747826086956522
2007-09-01,3.89,0.52736842105263157895,4.5215789473684211
2007-10-01,3.90,0.52500000000000000000,4.5277272727272727
2007-11-01,3.27,0.79400000000000000000,4.1485000000000000
2007-12-01,3.00,1.03100000000000000000,4.0975000000000000
2008-01-01,2.75,0.92428571428571428571,3.7442857142857143
2008-02-01,2.12,1.5635000000000000,3.7375000000000000
2008-03-01,1.26,2.2265000000000000,3.5100000000000000
2008-04-01,1.29,2.3631818181818182,3.6750000000000000
2008-05-01,1.73,2.1157142857142857,3.8800000000000000
2008-06-01,1.86,2.2090476190476190,4.0995238095238095
2008-07-01,1.63,2.3527272727272727,4.0077272727272727
2008-08-01,1.72,2.1328571428571429,3.8857142857142857
2008-09-01,1.13,2.5395238095238095,3.6861904761904762
2008-10-01,0.67,3.1281818181818182,3.8140909090909091
2008-11-01,0.19,3.3327777777777778,3.5266666666666667
2008-12-01,0.03,2.3822727272727273,2.4163636363636364
2009-01-01,0.13,2.3880000000000000,2.5175000000000000
2009-02-01,0.30,2.5747368421052632,2.8700000000000000
2009-03-01,0.21,2.6036363636363636,2.8195454545454545
2009-04-01,0.16,2.7690476190476190,2.9271428571428571
2009-05-01,0.18,3.1160000000000000,3.2930000000000000
2009-06-01,0.18,3.5431818181818182,3.7218181818181818
2009-07-01,0.18,3.3786363636363636,3.5622727272727273
2009-08-01,0.17,3.4152380952380952,3.5871428571428571
2009-09-01,0.12,3.2785714285714286,3.4019047619047619
2009-10-01,0.07,3.3133333333333333,3.3876190476190476
2009-11-01,0.05,3.3505263157894737,3.4026315789473684
2009-12-01,0.05,3.5354545454545455,3.5900000000000000
2010-01-01,0.06,3.6715789473684211,3.7331578947368421
2010-02-01,0.11,3.5821052631578947,3.6910526315789474
2010-03-01,0.15,3.5769565217391304,3.7273913043478261
2010-04-01,0.16,3.6845454545454545,3.8468181818181818
2010-05-01,0.16,3.2600000000000000,3.4200000000000000
2010-06-01,0.12,3.0804545454545455,3.2040909090909091
2010-07-01,0.16,2.8538095238095238,3.0114285714285714
2010-08-01,0.16,2.5436363636363636,2.6986363636363636
2010-09-01,0.15,2.4957142857142857,2.6476190476190476
2010-10-01,0.13,2.4055000000000000,2.5400000000000000
2010-11-01,0.14,2.6200000000000000,2.7630000000000000
2010-12-01,0.14,3.1500000000000000,3.2909090909090909
2011-01-01,0.15,3.2420000000000000,3.3940000000000000
2011-02-01,0.13,3.4442105263157895,3.5763157894736842
2011-03-01,0.10,3.3139130434782609,3.4143478260869565
2011-04-01,0.06,3.3965000000000000,3.4550000000000000
2011-05-01,0.04,3.1276190476190476,3.1685714285714286
2011-06-01,0.04,2.9650000000000000,3.0022727272727273
2011-07-01,0.04,2.9655000000000000,3.0030000000000000
2011-08-01,0.02,2.2786956521739130,2.3030434782608696
2011-09-01,0.01,1.9614285714285714,1.9752380952380952
2011-10-01,0.02,2.1330000000000000,2.1520000000000000
2011-11-01,0.01,1.9995000000000000,2.0135000000000000
2011-12-01,0.01,1.9666666666666667,1.9780952380952381
2012-01-01,0.03,1.9320000000000000,1.9665000000000000
2012-02-01,0.09,1.8755000000000000,1.9675000000000000
2012-03-01,0.08,2.0886363636363636,2.1727272727272727
2012-04-01,0.08,1.9690476190476190,2.0528571428571429
2012-05-01,0.09,1.7136363636363636,1.8031818181818182
2012-06-01,0.09,1.5309523809523810,1.6223809523809524
2012-07-01,0.10,1.4295238095238095,1.5266666666666667
2012-08-01,0.10,1.5756521739130435,1.6782608695652174
2012-09-01,0.11,1.6178947368421053,1.7231578947368421
2012-10-01,0.10,1.6414285714285714,1.7461904761904762
2012-11-01,0.09,1.5605000000000000,1.6540000000000000
2012-12-01,0.07,1.6490000000000000,1.7190000000000000
2013-01-01,0.07,1.8404761904761905,1.9147619047619048
2013-02-01,0.10,1.8852631578947368,1.9842105263157895
2013-03-01,0.09,1.8705000000000000,1.9575000000000000
2013-04-01,0.06,1.6990909090909091,1.7590909090909091
2013-05-01,0.04,1.8840909090909091,1.9281818181818182
2013-06-01,0.05,2.2495000000000000,2.3000000000000000
2013-07-01,0.04,2.5468181818181818,2.5822727272727273
2013-08-01,0.04,2.6936363636363636,2.7372727272727273
2013-09-01,0.02,2.7935000000000000,2.8095000000000000
2013-10-01,0.05,2.5686363636363636,2.6159090909090909
2013-11-01,0.07,2.6505263157894737,2.7184210526315789
2013-12-01,0.07,2.8352380952380952,2.9019047619047619
2014-01-01,0.04,2.8147619047619048,2.8580952380952381
2014-02-01,0.05,2.6568421052631579,2.7094736842105263
2014-03-01,0.05,2.6709523809523810,2.7233333333333333
2014-04-01,0.03,2.6742857142857143,2.7052380952380952
2014-05-01,0.03,2.5266666666666667,2.5590476190476190
2014-06-01,0.04,2.5628571428571429,2.5985714285714286
2014-07-01,0.03,2.5159090909090909,2.5422727272727273
2014-08-01,0.03,2.3871428571428571,2.4200000000000000
2014-09-01,0.02,2.5142857142857143,2.5342857142857143
2014-10-01,0.02,2.2872727272727273,2.3040909090909091
2014-11-01,0.02,2.3038888888888889,2.3255555555555556
2014-12-01,0.03,2.1781818181818182,2.2072727272727273
2015-01-01,0.03,1.8540000000000000,1.8815000000000000
2015-02-01,0.02,1.9573684210526316,1.9752631578947368
2015-03-01,0.03,2.0150000000000000,2.0427272727272727
2015-04-01,0.02,1.9118181818181818,1.9350000000000000
2015-05-01,0.02,2.1810000000000000,2.1975000000000000
2015-06-01,0.02,2.3486363636363636,2.3636363636363636
2015-07-01,0.03,2.2922727272727273,2.3245454545454545
2015-08-01,0.07,2.0952380952380952,2.1671428571428571
2015-09-01,0.02,2.1485714285714286,2.1728571428571429
2015-10-01,0.02,2.0533333333333333,2.0700000000000000
2015-11-01,0.12,2.1368421052631579,2.2631578947368421
2015-12-01,0.23,2.0140909090909091,2.2427272727272727
2016-01-01,0.26,1.8278947368421053,2.0852631578947368
2016-02-01,0.31,1.4650000000000000,1.7795000000000000
2016-03-01,0.29,1.5918181818181818,1.8890909090909091
2016-04-01,0.23,1.5771428571428571,1.8052380952380952
2016-05-01,0.27,1.5295238095238095,1.8061904761904762
2016-06-01,0.27,1.3713636363636364,1.6440909090909091
2016-07-01,0.30,1.2030000000000000,1.5040000000000000
2016-08-01,0.30,1.2569565217391304,1.5565217391304348
2016-09-01,0.29,1.3361904761904762,1.6304761904761905
2016-10-01,0.33,1.4330000000000000,1.7645000000000000
2016-11-01,0.45,1.6895000000000000,2.1420000000000000
2016-12-01,0.51,1.9800000000000000,2.4919047619047619
2017-01-01,0.51,1.9135000000000000,2.4325000000000000
2017-02-01,0.52,1.8926315789473684,2.4189473684210526
2017-03-01,0.74,1.7339130434782609,2.4817391304347826
2017-04-01,0.80,1.4889473684210526,2.2973684210526316
2017-05-01,0.89,1.4004545454545455,2.3036363636363636
2017-06-01,0.98,1.1877272727272727,2.1868181818181818
2017-07-01,1.07,1.2315000000000000,2.3180000000000000
2017-08-01,1.01,1.1769565217391304,2.2091304347826087
2017-09-01,1.03,1.1555000000000000,2.2020000000000000
2017-10-01,1.07,1.2666666666666667,2.3600000000000000
2017-11-01,1.23,1.1028571428571429,2.3533333333333333
2017-12-01,1.32,1.0610000000000000,2.4025000000000000
2018-01-01,1.41,1.1514285714285714,2.5838095238095238
2018-02-01,1.57,1.2710526315789474,2.8589473684210526
2018-03-01,1.70,1.1157142857142857,2.8423809523809524
2018-04-01,1.76,1.0809523809523810,2.8690476190476190
2018-05-01,1.86,1.0781818181818182,2.9777272727272727
2018-06-01,1.90,0.97714285714285714286,2.9123809523809524
2018-07-01,1.96,0.89428571428571428571,2.8890476190476190
2018-08-01,2.03,0.81652173913043478261,2.8891304347826087
2018-09-01,2.13,0.83894736842105263158,3.0042105263157895
2018-10-01,2.25,0.85909090909090909091,3.1522727272727273
2018-11-01,2.33,0.74300000000000000000,3.1170000000000000
2018-12-01,2.37,0.42052631578947368421,2.8326315789473684
2019-01-01,2.37,0.29000000000000000000,2.7138095238095238
2019-02-01,2.39,0.23842105263157894737,2.6763157894736842
2019-03-01,2.40,0.11714285714285714286,2.5709523809523810
2019-04-01,2.38,0.09952380952380952381,2.5323809523809524
2019-05-01,2.35,-0.00818181818181818182,2.3950000000000000
2019-06-01,2.17,-0.14550000000000000000,2.0740000000000000
2019-07-01,2.10,-0.08590909090909090909,2.0590909090909091
2019-08-01,1.95,-0.36409090909090909091,1.6263636363636364
2019-09-01,1.89,-0.23500000000000000000,1.6995000000000000
2019-10-01,1.65,0.02818181818181818182,1.7068181818181818
2019-11-01,1.54,0.24000000000000000000,1.8121052631578947
2019-12-01,1.54,0.29761904761904761905,1.8628571428571429
2020-01-01,1.52,0.20523809523809523810,1.7576190476190476
2020-02-01,1.52,-0.04052631578947368421,1.5042105263157895
2020-03-01,0.29,0.57454545454545454545,0.87000000000000000000
2020-04-01,0.14,0.51952380952380952381,0.65761904761904761905
2020-05-01,0.13,0.54650000000000000000,0.67400000000000000000
2020-06-01,0.16,0.56909090909090909091,0.72863636363636363636
2020-07-01,0.13,0.49681818181818181818,0.62363636363636363636
2020-08-01,0.10,0.54571428571428571429,0.65000000000000000000
2020-09-01,0.11,0.57095238095238095238,0.67952380952380952381
2020-10-01,0.10,0.68666666666666666667,0.78714285714285714286
2020-11-01,0.09,0.77894736842105263158,0.87000000000000000000
2020-12-01,0.09,0.84636363636363636364,0.93363636363636363636
2021-01-01,0.08,0.99736842105263157895,1.0810526315789474
2021-02-01,0.04,1.2152631578947368,1.2578947368421053
2021-03-01,0.03,1.5795652173913043,1.6108695652173913
2021-04-01,0.02,1.6140909090909091,1.6350000000000000
2021-05-01,0.02,1.6030000000000000,1.6210000000000000
2021-06-01,0.04,1.4831818181818182,1.5190909090909091
2021-07-01,0.05,1.2661904761904762,1.3185714285714286
2021-08-01,0.05,1.2286363636363636,1.2831818181818182
2021-09-01,0.04,1.3328571428571429,1.3747619047619048
2021-10-01,0.05,1.5305000000000000,1.5825000000000000
2021-11-01,0.05,1.5080000000000000,1.5595000000000000
2021-12-01,0.06,1.4063636363636364,1.4650000000000000
2022-01-01,0.15,1.6185000000000000,1.7640000000000000
2022-02-01,0.33,1.6194736842105263,1.9342105263157895
2022-03-01,0.44,1.6804347826086957,2.1278260869565217
2022-04-01,0.76,1.9840000000000000,2.7475000000000000
2022-05-01,0.98,1.9052380952380952,2.8980952380952381
2022-06-01,1.49,1.6047619047619048,3.1433333333333333
2022-07-01,2.23,0.59800000000000000000,2.8960000000000000
2022-08-01,2.63,0.17608695652173913043,2.8978260869565217
2022-09-01,3.13,0.29714285714285714286,3.5190476190476190
2022-10-01,3.72,0.11100000000000000000,3.9835000000000000
